sku,warehouse_code,reorder_point_units,reorder_quantity_units,safety_stock_units,review_method,last_reviewed_date,set_by_buyer,stocked_since
DRAIN-1005,DAV,25,32,13,Min/max,2025-06-28,M. Castleford,2021-02-23
DRAIN-1009,DAV,21,24,13,Manual buyer judgement,2025-03-21,A. Whitcombe,2022-02-18
DRAIN-1016,BRS,12,24,7,Min/max,2025-01-06,R. Deakin,2024-07-01
DRAIN-1016,DAV,23,53,13,Periodic review,2025-11-17,M. Castleford,2013-09-19
DRAIN-1016,LIV,37,67,27,Min/max,2025-06-09,A. Whitcombe,2019-09-02
DRAIN-1016,WAR,17,46,9,Periodic review,2024-11-14,S. Nkemelu,2014-05-12
DRAIN-1025,DAV,16,24,13,Min/max,2023-07-08,T. Harrowby,2022-03-11
DRAIN-1033,DAV,20,24,13,Periodic review,2023-12-31,T. Harrowby,2023-03-17
DRAIN-1037,DAV,16,24,13,Min/max,2025-03-05,A. Whitcombe,2019-10-17
DRAIN-1047,BRS,14,33,7,Periodic review,2025-03-01,T. Harrowby,2024-07-01
DRAIN-1047,DAV,30,81,15,Periodic review,2025-04-24,A. Whitcombe,2018-08-04
DRAIN-1047,LIV,41,100,27,Min/max,2025-08-02,A. Whitcombe,2019-09-02
DRAIN-1047,WAR,22,69,10,Min/max,2025-09-29,T. Harrowby,2018-08-04
DRAIN-1051,DAV,22,24,13,Periodic review,2024-12-16,S. Nkemelu,2011-11-26
DRAIN-1056,DAV,18,24,13,Periodic review,2023-08-02,T. Harrowby,2021-04-26
DRAIN-1068,DAV,15,24,13,Min/max,2025-11-13,S. Nkemelu,2015-12-30
DRAIN-1075,DAV,18,25,13,Min/max,2025-07-31,M. Castleford,2023-06-03
DRAIN-1082,DAV,16,24,13,Manual buyer judgement,2025-09-18,S. Nkemelu,2017-05-29
DRAIN-1084,DAV,19,24,13,Min/max,2024-11-09,A. Whitcombe,2012-09-14
DRAIN-1095,BRS,12,25,7,Min/max,2025-11-18,S. Nkemelu,2024-07-01
DRAIN-1095,DAV,25,62,13,Periodic review,2025-09-13,T. Harrowby,2021-04-05
DRAIN-1095,LIV,38,79,27,Periodic review,2025-06-08,T. Harrowby,2021-04-05
DRAIN-1095,WAR,19,55,9,Periodic review,2025-11-08,R. Deakin,2021-04-05
DRAIN-1098,DAV,16,24,13,Min/max,2025-05-30,S. Nkemelu,2020-10-24
DRAIN-1106,BRS,12,24,7,Min/max,2025-11-24,T. Harrowby,2024-07-01
DRAIN-1106,DAV,23,54,13,Periodic review,2025-01-22,T. Harrowby,2011-03-31
DRAIN-1106,LIV,36,64,27,Periodic review,2025-10-31,R. Deakin,2019-09-02
DRAIN-1106,WAR,18,47,9,Periodic review,2024-11-25,T. Harrowby,2014-05-12
DRAIN-1113,BRS,12,24,7,Min/max,2025-01-16,A. Whitcombe,2024-07-01
DRAIN-1113,DAV,22,47,13,Min/max,2025-03-28,S. Nkemelu,2020-08-21
DRAIN-1113,WAR,17,43,9,Min/max,2023-11-18,T. Harrowby,2020-08-21
DRAIN-1122,DAV,22,24,13,Manual buyer judgement,2025-08-22,S. Nkemelu,2018-10-16
DRAIN-1130,DAV,18,25,13,Periodic review,2025-05-03,A. Whitcombe,2013-02-21
DRAIN-1138,DAV,17,24,13,Periodic review,2024-10-25,S. Nkemelu,2013-07-22
DRAIN-1145,BRS,14,24,7,Min/max,2025-11-26,A. Whitcombe,2024-07-01
DRAIN-1145,DAV,32,46,15,Min/max,2024-03-28,T. Harrowby,2016-03-28
DRAIN-1145,WAR,25,38,11,Min/max,2023-07-08,T. Harrowby,2016-03-28
DRAIN-1148,DAV,16,24,13,Min/max,2025-09-03,M. Castleford,2023-07-20
DRAIN-1158,BRS,17,46,8,Min/max,2024-11-01,R. Deakin,2024-07-01
DRAIN-1158,DAV,37,111,17,Min/max,2025-12-10,A. Whitcombe,2020-10-30
DRAIN-1158,LIV,52,145,31,Periodic review,2023-09-19,T. Harrowby,2020-10-30
DRAIN-1158,WAR,30,99,12,Min/max,2025-10-24,M. Castleford,2020-10-30
DRAIN-1161,BRS,18,24,8,Min/max,2024-12-08,R. Deakin,2024-07-01
DRAIN-1161,DAV,40,60,18,Periodic review,2023-08-22,T. Harrowby,2015-12-23
DRAIN-1161,LIV,52,76,31,Min/max,2025-07-31,S. Nkemelu,2019-09-02
DRAIN-1161,WAR,32,52,13,Min/max,2025-05-12,A. Whitcombe,2015-12-23
DRAIN-1173,DAV,15,24,13,Periodic review,2025-04-25,A. Whitcombe,2017-07-29
DRAIN-1179,BRS,20,55,9,Min/max,2023-12-09,T. Harrowby,2024-07-01
DRAIN-1179,DAV,45,143,19,Min/max,2023-11-27,M. Castleford,2018-09-12
DRAIN-1179,LIV,58,174,33,Manual buyer judgement,2024-04-24,S. Nkemelu,2019-09-02
DRAIN-1179,WAR,34,120,13,Min/max,2024-01-01,T. Harrowby,2018-09-12
DRAIN-1186,DAV,16,24,13,Min/max,2025-11-15,T. Harrowby,2021-07-31
DRAIN-1192,DAV,19,29,13,Min/max,2025-09-15,M. Castleford,2022-10-09
DRAIN-1199,DAV,22,24,13,Manual buyer judgement,2024-07-31,A. Whitcombe,2022-02-09
DRAIN-1204,DAV,30,42,15,Min/max,2025-04-14,A. Whitcombe,2023-05-30
DRAIN-1204,WAR,24,36,11,Periodic review,2025-07-14,A. Whitcombe,2023-05-30
DRAIN-1214,DAV,27,35,14,Min/max,2024-05-17,M. Castleford,2013-07-13
DRAIN-1214,WAR,19,29,9,Periodic review,2025-11-19,T. Harrowby,2014-05-12
ELEC-1005,DAV,40,54,28,Min/max,2025-01-28,S. Nkemelu,2012-03-13
ELEC-1008,BRS,29,71,15,Periodic review,2025-02-20,M. Castleford,2024-07-01
ELEC-1008,DAV,61,165,31,Min/max,2025-04-28,M. Castleford,2014-09-16
ELEC-1008,LIV,84,170,60,Min/max,2025-10-22,M. Castleford,2019-09-02
ELEC-1008,WAR,54,170,24,Min/max,2024-11-18,M. Castleford,2014-09-16
ELEC-1014,DAV,30,54,28,Min/max,2025-01-28,R. Deakin,2017-08-30
ELEC-1025,DAV,37,54,28,Min/max,2025-05-23,M. Castleford,2016-09-02
ELEC-1025,WAR,29,54,20,Periodic review,2024-09-08,T. Harrowby,2016-09-02
ELEC-1031,DAV,33,54,28,Min/max,2025-07-27,T. Harrowby,2015-05-30
ELEC-1036,BRS,27,54,15,Min/max,2024-10-18,T. Harrowby,2024-07-01
ELEC-1036,DAV,42,76,28,Min/max,2024-12-06,T. Harrowby,2017-06-15
ELEC-1036,WAR,31,63,20,Min/max,2025-01-27,A. Whitcombe,2017-06-15
ELEC-1046,DAV,43,54,28,Min/max,2025-05-17,S. Nkemelu,2021-09-28
ELEC-1046,WAR,30,54,20,Periodic review,2025-11-14,T. Harrowby,2021-09-28
ELEC-1049,BRS,49,145,21,Min/max,2025-12-02,T. Harrowby,2024-07-01
ELEC-1049,DAV,110,364,45,Min/max,2025-09-29,T. Harrowby,2018-09-01
ELEC-1049,LIV,149,478,82,Manual buyer judgement,2024-04-23,M. Castleford,2019-09-02
ELEC-1049,WAR,90,326,33,Manual buyer judgement,2025-01-29,R. Deakin,2018-09-01
ELEC-1057,DAV,34,54,28,Manual buyer judgement,2025-07-06,T. Harrowby,2017-03-04
ELEC-1067,DAV,37,54,28,Manual buyer judgement,2024-12-20,S. Nkemelu,2022-03-31
ELEC-1075,DAV,37,54,28,Periodic review,2024-06-30,A. Whitcombe,2011-06-01
ELEC-1081,DAV,33,54,28,Min/max,2024-12-09,A. Whitcombe,2011-09-26
ELEC-1088,BRS,27,57,15,Min/max,2025-04-04,M. Castleford,2024-07-01
ELEC-1088,DAV,53,136,28,Manual buyer judgement,2025-11-15,T. Harrowby,2016-06-07
ELEC-1088,LIV,85,180,60,Periodic review,2025-05-15,T. Harrowby,2019-09-02
ELEC-1088,WAR,42,122,20,Periodic review,2025-09-26,A. Whitcombe,2016-06-07
ELEC-1094,BRS,48,70,21,Periodic review,2024-03-01,T. Harrowby,2024-07-01
ELEC-1094,DAV,106,171,44,Min/max,2025-08-24,M. Castleford,2017-09-18
ELEC-1094,LIV,139,216,78,Min/max,2025-08-26,T. Harrowby,2019-09-02
ELEC-1094,WAR,85,153,32,Min/max,2024-06-27,R. Deakin,2017-09-18
ELEC-1102,DAV,37,54,28,Min/max,2025-08-27,T. Harrowby,2015-02-01
ELEC-1107,BRS,48,71,21,Min/max,2025-08-21,T. Harrowby,2024-07-01
ELEC-1107,DAV,109,177,45,Min/max,2025-06-28,M. Castleford,2013-06-19
ELEC-1107,LIV,141,221,79,Min/max,2025-11-08,S. Nkemelu,2019-09-02
ELEC-1107,WAR,86,154,32,Periodic review,2025-09-10,R. Deakin,2014-05-12
ELEC-1117,BRS,29,54,15,Periodic review,2025-03-04,A. Whitcombe,2024-07-01
ELEC-1117,DAV,62,86,31,Min/max,2023-09-23,T. Harrowby,2019-01-19
ELEC-1117,WAR,48,75,22,Min/max,2024-11-14,T. Harrowby,2019-01-19
ELEC-1119,DAV,37,54,28,Min/max,2025-09-04,R. Deakin,2023-07-14
ELEC-1131,BRS,42,58,19,Min/max,2025-04-08,R. Deakin,2024-07-01
ELEC-1131,DAV,94,147,41,Min/max,2024-01-23,A. Whitcombe,2018-11-09
ELEC-1131,LIV,123,183,72,Min/max,2025-10-08,R. Deakin,2019-09-02
ELEC-1131,WAR,74,127,29,Min/max,2025-03-02,R. Deakin,2018-11-09
ELEC-1134,BRS,34,54,17,Periodic review,2025-10-24,M. Castleford,2024-07-01
ELEC-1134,DAV,76,112,36,Periodic review,2025-05-21,A. Whitcombe,2011-03-09
ELEC-1134,LIV,102,140,63,Min/max,2025-07-07,T. Harrowby,2019-09-02
ELEC-1134,WAR,61,100,26,Min/max,2025-01-30,M. Castleford,2014-05-12
ELEC-1143,BRS,27,54,15,Manual buyer judgement,2023-10-20,T. Harrowby,2024-07-01
ELEC-1143,DAV,49,116,28,Manual buyer judgement,2025-11-24,R. Deakin,2015-11-06
ELEC-1143,LIV,82,152,60,Min/max,2025-06-18,R. Deakin,2019-09-02
ELEC-1143,WAR,38,103,20,Min/max,2025-10-31,T. Harrowby,2015-11-06
ELEC-1150,BRS,28,54,15,Min/max,2025-09-11,T. Harrowby,2024-07-01
ELEC-1150,DAV,61,82,31,Manual buyer judgement,2025-03-04,A. Whitcombe,2016-10-18
ELEC-1150,WAR,47,71,22,Min/max,2025-06-09,M. Castleford,2016-10-18
ELEC-1158,DAV,42,54,28,Periodic review,2025-10-07,S. Nkemelu,2022-06-13
ELEC-1162,DAV,43,54,28,Manual buyer judgement,2024-11-05,S. Nkemelu,2012-06-10
ELEC-1171,DAV,36,54,28,Periodic review,2024-06-07,R. Deakin,2017-12-10
ELEC-1176,DAV,32,54,28,Min/max,2024-11-05,S. Nkemelu,2022-06-06
ELEC-1184,BRS,32,54,16,Periodic review,2024-01-20,T. Harrowby,2024-07-01
ELEC-1184,DAV,73,106,35,Min/max,2024-07-27,T. Harrowby,2019-09-09
ELEC-1184,LIV,98,130,61,Manual buyer judgement,2025-10-17,M. Castleford,2019-09-09
ELEC-1184,WAR,56,91,24,Periodic review,2025-06-23,M. Castleford,2019-09-09
ELEC-1194,DAV,52,67,28,Manual buyer judgement,2024-10-27,R. Deakin,2012-11-09
ELEC-1197,DAV,41,71,28,Periodic review,2023-12-01,T. Harrowby,2018-04-26
ELEC-1197,WAR,31,59,20,Min/max,2025-06-28,T. Harrowby,2018-04-26
ELEC-1204,BRS,27,59,15,Min/max,2025-04-22,T. Harrowby,2024-07-01
ELEC-1204,DAV,55,145,29,Min/max,2025-11-03,S. Nkemelu,2023-04-15
ELEC-1204,LIV,86,186,60,Min/max,2025-07-12,T. Harrowby,2023-04-15
ELEC-1204,WAR,44,128,21,Min/max,2025-11-15,T. Harrowby,2023-04-15
ELEC-1214,BRS,28,64,15,Min/max,2023-08-15,M. Castleford,2024-07-01
ELEC-1214,DAV,61,167,31,Min/max,2023-12-02,M. Castleford,2020-03-30
ELEC-1214,LIV,89,204,60,Min/max,2024-09-08,T. Harrowby,2020-03-30
ELEC-1214,WAR,47,140,22,Min/max,2023-10-26,T. Harrowby,2020-03-30
ELEC-1217,BRS,55,83,23,Min/max,2025-03-08,T. Harrowby,2024-07-01
ELEC-1217,DAV,123,208,48,Min/max,2025-06-30,R. Deakin,2012-11-23
ELEC-1217,LIV,159,262,86,Periodic review,2023-12-03,M. Castleford,2019-09-02
ELEC-1217,WAR,98,182,34,Periodic review,2024-10-30,A. Whitcombe,2014-05-12
HEAT-1004,DAV,4,5,3,Periodic review,2025-08-02,S. Nkemelu,2020-11-02
HEAT-1009,DAV,4,5,3,Min/max,2025-06-11,R. Deakin,2016-07-29
HEAT-1016,BRS,4,6,2,Min/max,2025-11-20,S. Nkemelu,2024-07-01
HEAT-1016,DAV,6,14,3,Min/max,2025-10-29,S. Nkemelu,2012-09-22
HEAT-1016,LIV,11,29,6,Manual buyer judgement,2024-07-18,T. Harrowby,2019-09-02
HEAT-1016,WAR,8,29,3,Min/max,2023-07-09,M. Castleford,2014-05-12
HEAT-1022,DAV,4,6,3,Periodic review,2024-01-11,T. Harrowby,2015-06-29
HEAT-1033,DAV,5,7,3,Min/max,2024-02-04,T. Harrowby,2015-04-27
HEAT-1039,DAV,5,5,3,Min/max,2024-11-15,R. Deakin,2022-09-11
HEAT-1047,DAV,4,5,3,Min/max,2025-10-18,R. Deakin,2022-11-29
HEAT-1054,DAV,4,5,3,Min/max,2025-08-13,A. Whitcombe,2011-05-21
HEAT-1059,DAV,5,5,3,Periodic review,2025-04-08,R. Deakin,2012-11-10
HEAT-1064,BRS,3,5,2,Periodic review,2023-09-15,T. Harrowby,2024-07-01
HEAT-1064,DAV,5,8,3,Periodic review,2024-10-18,A. Whitcombe,2023-01-21
HEAT-1064,LIV,7,8,5,Min/max,2025-03-07,M. Castleford,2023-01-21
HEAT-1064,WAR,3,5,2,Min/max,2025-04-13,R. Deakin,2023-01-21
HEAT-1073,DAV,6,7,3,Min/max,2024-06-21,R. Deakin,2021-03-29
HEAT-1082,BRS,5,7,2,Periodic review,2025-02-09,R. Deakin,2024-07-01
HEAT-1082,DAV,10,15,4,Min/max,2025-11-28,T. Harrowby,2015-06-06
HEAT-1082,LIV,13,20,7,Min/max,2025-09-10,R. Deakin,2019-09-02
HEAT-1082,WAR,8,14,3,Manual buyer judgement,2025-10-25,R. Deakin,2015-06-06
HEAT-1089,DAV,4,5,3,Periodic review,2023-08-08,T. Harrowby,2019-07-02
HEAT-1094,DAV,4,5,3,Min/max,2025-10-27,S. Nkemelu,2017-06-24
HEAT-1103,DAV,5,7,3,Min/max,2025-08-03,S. Nkemelu,2012-07-29
HEAT-1109,DAV,4,5,3,Min/max,2025-01-03,A. Whitcombe,2020-08-05
HEAT-1112,DAV,4,5,3,Manual buyer judgement,2023-09-26,T. Harrowby,2014-05-25
HEAT-1124,BRS,4,5,2,Min/max,2025-04-04,A. Whitcombe,2024-07-01
HEAT-1124,DAV,7,10,3,Min/max,2024-12-27,R. Deakin,2020-09-05
HEAT-1124,WAR,6,8,3,Min/max,2025-01-31,S. Nkemelu,2020-09-05
HEAT-1130,BRS,3,5,2,Min/max,2024-04-21,R. Deakin,2024-07-01
HEAT-1130,DAV,5,10,3,Min/max,2023-07-12,T. Harrowby,2015-01-03
HEAT-1130,LIV,7,13,5,Min/max,2024-02-13,T. Harrowby,2019-09-02
HEAT-1130,WAR,4,8,2,Periodic review,2025-08-14,S. Nkemelu,2015-01-03
HEAT-1137,DAV,6,7,3,Min/max,2025-06-30,M. Castleford,2012-02-13
HEAT-1142,BRS,3,5,2,Min/max,2025-03-21,S. Nkemelu,2024-07-01
HEAT-1142,DAV,5,11,3,Manual buyer judgement,2025-07-19,A. Whitcombe,2017-08-22
HEAT-1142,LIV,7,15,5,Periodic review,2024-05-05,T. Harrowby,2019-09-02
HEAT-1142,WAR,4,10,2,Min/max,2025-06-30,M. Castleford,2017-08-22
HEAT-1151,DAV,6,8,3,Min/max,2024-12-26,R. Deakin,2022-02-18
HEAT-1158,DAV,4,5,3,Manual buyer judgement,2025-08-03,M. Castleford,2014-05-04
HEAT-1161,DAV,4,6,3,Manual buyer judgement,2025-01-21,S. Nkemelu,2019-10-10
HEAT-1168,DAV,4,5,3,Min/max,2025-01-20,S. Nkemelu,2013-05-23
HEAT-1175,DAV,4,5,3,Min/max,2025-07-09,T. Harrowby,2012-07-05
HEAT-1182,DAV,4,5,3,Periodic review,2023-09-07,T. Harrowby,2012-10-08
HEAT-1192,DAV,6,7,3,Min/max,2025-06-03,T. Harrowby,2012-04-15
HEAT-1200,DAV,6,8,3,Periodic review,2024-04-22,T. Harrowby,2012-07-12
HEAT-1200,WAR,5,6,2,Min/max,2025-08-19,R. Deakin,2014-05-12
HEAT-1203,BRS,3,5,2,Min/max,2025-03-25,S. Nkemelu,2024-07-01
HEAT-1203,DAV,6,12,3,Min/max,2025-05-20,S. Nkemelu,2017-10-14
HEAT-1203,LIV,8,15,5,Periodic review,2025-03-15,R. Deakin,2019-09-02
HEAT-1203,WAR,4,11,2,Min/max,2023-09-18,T. Harrowby,2017-10-14
HEAT-1211,BRS,4,5,2,Periodic review,2025-06-06,A. Whitcombe,2024-07-01
HEAT-1211,DAV,6,8,3,Min/max,2023-12-13,T. Harrowby,2016-04-03
HEAT-1211,WAR,5,7,2,Manual buyer judgement,2024-11-02,S. Nkemelu,2016-04-03
PIPE-1004,BRS,75,150,42,Periodic review,2023-11-20,T. Harrowby,2024-07-01
PIPE-1004,DAV,120,241,76,Periodic review,2023-10-30,A. Whitcombe,2017-02-10
PIPE-1004,LIV,209,296,167,Manual buyer judgement,2023-12-11,S. Nkemelu,2019-09-02
PIPE-1004,WAR,89,202,53,Min/max,2024-01-19,S. Nkemelu,2017-02-10
PIPE-1011,DAV,194,150,93,Manual buyer judgement,2025-03-08,M. Castleford,2012-05-06
PIPE-1017,BRS,304,150,96,Periodic review,2025-07-11,S. Nkemelu,2024-07-01
PIPE-1017,DAV,684,342,203,Manual buyer judgement,2025-08-16,S. Nkemelu,2018-10-05
PIPE-1017,LIV,870,454,373,Periodic review,2024-11-19,M. Castleford,2019-09-02
PIPE-1017,WAR,567,308,146,Min/max,2025-03-05,S. Nkemelu,2018-10-05
PIPE-1025,BRS,598,302,142,Manual buyer judgement,2025-09-15,M. Castleford,2024-07-01
PIPE-1025,DAV,1412,785,308,Manual buyer judgement,2024-11-01,A. Whitcombe,2020-04-12
PIPE-1025,LIV,1597,964,543,Min/max,2025-06-21,A. Whitcombe,2020-04-12
PIPE-1025,WAR,1117,661,214,Min/max,2025-10-13,T. Harrowby,2020-04-12
PIPE-1029,BRS,76,176,42,Min/max,2025-12-05,A. Whitcombe,2024-07-01
PIPE-1029,DAV,168,464,85,Min/max,2023-11-02,M. Castleford,2019-08-22
PIPE-1029,LIV,247,570,167,Periodic review,2024-12-16,S. Nkemelu,2019-09-02
PIPE-1029,WAR,127,391,59,Periodic review,2024-03-13,A. Whitcombe,2019-08-22
PIPE-1038,BRS,193,150,73,Min/max,2024-11-24,R. Deakin,2024-07-01
PIPE-1038,DAV,431,197,154,Periodic review,2025-04-07,R. Deakin,2023-05-03
PIPE-1038,LIV,539,244,273,Manual buyer judgement,2025-08-05,M. Castleford,2023-05-03
PIPE-1038,WAR,349,175,110,Periodic review,2024-04-04,R. Deakin,2023-05-03
PIPE-1044,BRS,505,249,129,Periodic review,2025-10-30,T. Harrowby,2024-07-01
PIPE-1044,DAV,1167,634,276,Periodic review,2025-03-15,R. Deakin,2021-03-24
PIPE-1044,LIV,1356,790,492,Min/max,2025-09-05,M. Castleford,2021-03-24
PIPE-1044,WAR,930,539,194,Manual buyer judgement,2024-02-19,T. Harrowby,2021-03-24
PIPE-1054,DAV,83,150,76,Manual buyer judgement,2024-05-06,A. Whitcombe,2012-06-11
PIPE-1061,BRS,351,163,104,Min/max,2025-08-21,T. Harrowby,2024-07-01
PIPE-1061,DAV,784,401,220,Min/max,2025-11-06,T. Harrowby,2012-11-26
PIPE-1061,LIV,967,519,399,Min/max,2025-07-24,M. Castleford,2019-09-02
PIPE-1061,WAR,654,363,159,Periodic review,2025-05-09,A. Whitcombe,2014-05-12
PIPE-1064,BRS,75,150,42,Min/max,2025-12-05,A. Whitcombe,2024-07-01
PIPE-1064,DAV,117,228,76,Min/max,2024-08-13,S. Nkemelu,2018-01-08
PIPE-1064,LIV,205,270,167,Periodic review,2025-04-10,R. Deakin,2019-09-02
PIPE-1064,WAR,88,200,53,Min/max,2023-11-12,M. Castleford,2018-01-08
PIPE-1070,BRS,75,150,42,Periodic review,2025-04-02,R. Deakin,2024-07-01
PIPE-1070,DAV,105,160,76,Periodic review,2025-05-05,A. Whitcombe,2012-11-26
PIPE-1070,WAR,78,150,53,Manual buyer judgement,2025-01-09,M. Castleford,2014-05-12
PIPE-1079,DAV,195,150,93,Periodic review,2025-11-19,M. Castleford,2021-06-08
PIPE-1088,DAV,284,150,119,Manual buyer judgement,2025-04-14,T. Harrowby,2016-05-17
PIPE-1088,WAR,223,150,84,Min/max,2024-12-14,R. Deakin,2016-05-17
PIPE-1094,DAV,229,150,104,Periodic review,2024-02-23,T. Harrowby,2018-05-02
PIPE-1094,WAR,174,150,72,Min/max,2023-12-20,T. Harrowby,2018-05-02
PIPE-1101,BRS,75,150,42,Min/max,2025-02-25,S. Nkemelu,2024-07-01
PIPE-1101,DAV,128,288,76,Min/max,2025-02-08,A. Whitcombe,2019-12-10
PIPE-1101,LIV,218,366,167,Min/max,2023-09-28,R. Deakin,2019-12-10
PIPE-1101,WAR,97,251,53,Min/max,2024-04-10,T. Harrowby,2019-12-10
PIPE-1109,BRS,82,203,42,Min/max,2025-06-08,S. Nkemelu,2024-07-01
PIPE-1109,DAV,179,504,88,Periodic review,2025-09-04,S. Nkemelu,2018-01-20
PIPE-1109,LIV,256,639,167,Min/max,2025-08-28,T. Harrowby,2019-09-02
PIPE-1109,WAR,141,449,63,Min/max,2025-03-07,R. Deakin,2018-01-20
PIPE-1117,DAV,104,150,76,Min/max,2025-10-21,M. Castleford,2014-10-21
PIPE-1119,BRS,100,267,48,Min/max,2025-05-31,R. Deakin,2024-07-01
PIPE-1119,DAV,220,663,101,Min/max,2025-08-15,T. Harrowby,2020-02-09
PIPE-1119,LIV,303,857,183,Periodic review,2025-03-13,S. Nkemelu,2020-02-09
PIPE-1119,WAR,173,578,72,Min/max,2025-10-06,S. Nkemelu,2020-02-09
PIPE-1126,DAV,92,150,76,Min/max,2025-11-25,M. Castleford,2015-03-21
PIPE-1126,WAR,75,150,53,Min/max,2023-09-17,A. Whitcombe,2015-03-21
PIPE-1135,BRS,75,150,42,Min/max,2025-10-11,T. Harrowby,2024-07-01
PIPE-1135,DAV,108,176,76,Min/max,2024-12-20,T. Harrowby,2017-08-14
PIPE-1135,WAR,79,150,53,Min/max,2025-07-24,R. Deakin,2017-08-14
PIPE-1142,BRS,75,150,42,Min/max,2025-01-11,M. Castleford,2024-07-01
PIPE-1142,DAV,108,176,76,Min/max,2025-05-21,S. Nkemelu,2020-11-14
PIPE-1142,LIV,199,223,167,Min/max,2025-04-12,M. Castleford,2020-11-14
PIPE-1142,WAR,80,155,53,Min/max,2025-03-28,T. Harrowby,2020-11-14
PIPE-1150,BRS,265,150,88,Periodic review,2025-06-14,T. Harrowby,2024-07-01
PIPE-1150,DAV,604,296,189,Min/max,2025-05-06,M. Castleford,2012-11-27
PIPE-1150,LIV,749,375,339,Periodic review,2024-07-12,T. Harrowby,2019-09-02
PIPE-1150,WAR,484,256,134,Periodic review,2025-06-29,T. Harrowby,2014-05-12
PIPE-1156,DAV,166,150,84,Min/max,2024-05-12,A. Whitcombe,2016-09-02
PIPE-1165,BRS,75,150,42,Manual buyer judgement,2025-09-27,T. Harrowby,2024-07-01
PIPE-1165,DAV,114,208,76,Periodic review,2025-09-23,R. Deakin,2012-08-21
PIPE-1165,LIV,206,279,167,Min/max,2024-03-03,T. Harrowby,2019-09-02
PIPE-1165,WAR,86,187,53,Periodic review,2025-03-08,R. Deakin,2014-05-12
PIPE-1168,BRS,125,360,55,Min/max,2025-05-15,R. Deakin,2024-07-01
PIPE-1168,DAV,281,910,118,Min/max,2025-04-29,T. Harrowby,2023-08-02
PIPE-1168,LIV,375,1162,213,Periodic review,2023-09-30,R. Deakin,2023-08-02
PIPE-1168,WAR,223,797,84,Min/max,2024-05-11,A. Whitcombe,2023-08-02
PIPE-1175,DAV,133,150,76,Manual buyer judgement,2025-03-27,R. Deakin,2011-03-07
PIPE-1186,DAV,96,150,76,Min/max,2025-10-07,T. Harrowby,2021-12-15
PIPE-1186,WAR,75,150,53,Min/max,2025-08-19,A. Whitcombe,2021-12-15
PIPE-1189,BRS,75,150,42,Manual buyer judgement,2023-08-09,T. Harrowby,2024-07-01
PIPE-1189,DAV,104,154,76,Manual buyer judgement,2024-12-05,S. Nkemelu,2018-02-22
PIPE-1189,WAR,76,150,53,Periodic review,2025-03-09,R. Deakin,2018-02-22
PIPE-1201,BRS,228,763,81,Min/max,2025-04-16,S. Nkemelu,2024-07-01
PIPE-1201,DAV,521,1941,173,Periodic review,2024-12-30,R. Deakin,2012-02-05
PIPE-1201,LIV,640,2399,306,Periodic review,2025-12-06,A. Whitcombe,2019-09-02
PIPE-1201,WAR,406,1639,121,Periodic review,2024-03-05,A. Whitcombe,2014-05-12
PIPE-1206,BRS,75,150,42,Min/max,2025-07-05,S. Nkemelu,2024-07-01
PIPE-1206,DAV,111,195,76,Min/max,2024-05-26,T. Harrowby,2012-03-31
PIPE-1206,LIV,201,239,167,Manual buyer judgement,2025-06-01,R. Deakin,2019-09-02
PIPE-1206,WAR,82,166,53,Min/max,2025-03-09,M. Castleford,2014-05-12
PIPE-1214,BRS,75,150,42,Min/max,2024-02-08,T. Harrowby,2024-07-01
PIPE-1214,DAV,98,150,76,Min/max,2025-07-26,S. Nkemelu,2012-07-08
PIPE-1214,WAR,75,150,53,Min/max,2025-11-10,R. Deakin,2014-05-12
RENW-1000,BRS,4,8,2,Periodic review,2025-08-21,A. Whitcombe,2024-07-01
RENW-1000,DAV,7,19,3,Min/max,2025-01-05,A. Whitcombe,2014-08-20
RENW-1000,LIV,9,23,5,Periodic review,2025-03-19,T. Harrowby,2019-09-02
RENW-1000,WAR,5,16,2,Periodic review,2025-10-05,T. Harrowby,2014-08-20
RENW-1010,DAV,4,7,2,Min/max,2024-12-08,S. Nkemelu,2020-07-28
RENW-1018,DAV,3,3,2,Manual buyer judgement,2024-08-15,M. Castleford,2011-12-10
RENW-1022,DAV,3,5,2,Periodic review,2024-05-26,T. Harrowby,2018-05-01
RENW-1031,DAV,4,8,2,Min/max,2025-03-25,R. Deakin,2019-07-18
RENW-1035,DAV,7,9,3,Min/max,2024-12-25,T. Harrowby,2018-11-26
RENW-1042,DAV,4,6,2,Manual buyer judgement,2025-05-28,T. Harrowby,2019-09-16
RENW-1053,DAV,9,15,3,Manual buyer judgement,2025-02-04,M. Castleford,2021-03-16
RENW-1061,DAV,4,8,2,Periodic review,2025-03-24,M. Castleford,2016-03-03
RENW-1068,DAV,3,3,2,Min/max,2025-06-20,M. Castleford,2014-05-08
RENW-1070,DAV,3,3,2,Periodic review,2024-12-16,T. Harrowby,2011-03-30
RENW-1081,DAV,4,3,2,Periodic review,2023-08-12,T. Harrowby,2014-07-26
RENW-1087,BRS,4,9,2,Min/max,2024-11-30,M. Castleford,2024-07-01
RENW-1087,DAV,7,18,3,Min/max,2024-04-02,A. Whitcombe,2011-04-14
RENW-1087,LIV,9,27,5,Min/max,2024-11-04,R. Deakin,2019-09-02
RENW-1087,WAR,6,21,2,Periodic review,2025-02-09,A. Whitcombe,2014-05-12
RENW-1095,DAV,3,4,2,Min/max,2023-09-15,T. Harrowby,2020-10-06
RENW-1100,BRS,5,13,2,Periodic review,2023-12-27,R. Deakin,2024-07-01
RENW-1100,DAV,8,26,3,Min/max,2023-07-11,S. Nkemelu,2017-01-11
RENW-1100,LIV,16,61,7,Periodic review,2024-11-17,T. Harrowby,2019-09-02
RENW-1100,WAR,15,60,4,Periodic review,2025-08-24,A. Whitcombe,2017-01-11
RENW-1105,DAV,3,5,2,Manual buyer judgement,2024-12-26,M. Castleford,2022-03-23
RENW-1112,DAV,8,12,3,Periodic review,2025-11-02,T. Harrowby,2021-07-27
RENW-1122,DAV,4,5,2,Min/max,2025-07-17,R. Deakin,2014-05-01
RENW-1127,DAV,3,3,2,Periodic review,2025-07-29,S. Nkemelu,2016-03-17
RENW-1134,DAV,3,3,2,Manual buyer judgement,2025-02-08,R. Deakin,2022-11-30
RENW-1145,DAV,6,7,3,Min/max,2024-12-02,T. Harrowby,2014-01-28
RENW-1152,DAV,4,6,2,Min/max,2025-04-26,S. Nkemelu,2016-01-24
RENW-1158,DAV,3,3,2,Manual buyer judgement,2025-07-12,R. Deakin,2019-05-19
RENW-1161,DAV,7,9,3,Periodic review,2025-03-19,S. Nkemelu,2016-07-16
RENW-1171,DAV,5,6,2,Min/max,2024-12-19,S. Nkemelu,2012-11-29
RENW-1180,DAV,7,18,3,Periodic review,2025-11-16,T. Harrowby,2012-08-10
RENW-1186,DAV,3,4,2,Min/max,2025-07-22,R. Deakin,2014-08-16
RENW-1192,DAV,4,8,2,Manual buyer judgement,2024-06-09,T. Harrowby,2019-06-19
RENW-1201,DAV,3,3,2,Min/max,2024-02-22,T. Harrowby,2014-08-17
RENW-1203,DAV,4,6,2,Min/max,2025-03-21,T. Harrowby,2021-03-03
RENW-1212,DAV,4,4,2,Periodic review,2024-11-26,A. Whitcombe,2012-08-31
TOOL-1003,DAV,25,36,19,Min/max,2025-05-22,T. Harrowby,2015-02-12
TOOL-1003,WAR,18,36,13,Min/max,2025-06-29,R. Deakin,2015-02-12
TOOL-1007,DAV,23,36,19,Min/max,2024-11-22,R. Deakin,2018-08-28
TOOL-1018,BRS,18,36,10,Manual buyer judgement,2024-02-24,T. Harrowby,2024-07-01
TOOL-1018,DAV,34,80,19,Manual buyer judgement,2023-12-03,T. Harrowby,2020-08-25
TOOL-1018,LIV,54,98,40,Min/max,2023-12-27,A. Whitcombe,2020-08-25
TOOL-1018,WAR,25,66,13,Periodic review,2024-08-26,T. Harrowby,2020-08-25
TOOL-1021,BRS,18,36,10,Periodic review,2025-07-25,M. Castleford,2024-07-01
TOOL-1021,DAV,35,87,19,Min/max,2025-08-02,T. Harrowby,2015-04-11
TOOL-1021,LIV,56,111,40,Min/max,2025-04-20,R. Deakin,2019-09-02
TOOL-1021,WAR,27,76,13,Min/max,2025-09-25,M. Castleford,2015-04-11
TOOL-1031,BRS,53,36,19,Min/max,2024-01-01,T. Harrowby,2024-07-01
TOOL-1031,DAV,122,57,41,Manual buyer judgement,2024-06-26,R. Deakin,2020-06-14
TOOL-1031,LIV,149,71,72,Min/max,2024-11-01,T. Harrowby,2020-06-14
TOOL-1031,WAR,95,48,29,Min/max,2025-07-08,A. Whitcombe,2020-06-14
TOOL-1037,DAV,21,36,19,Min/max,2024-03-31,S. Nkemelu,2022-03-30
TOOL-1047,DAV,42,36,21,Min/max,2025-12-04,A. Whitcombe,2015-04-15
TOOL-1051,DAV,72,36,30,Periodic review,2025-09-09,T. Harrowby,2017-07-01
TOOL-1051,WAR,57,36,21,Min/max,2024-11-03,T. Harrowby,2017-07-01
TOOL-1056,DAV,30,36,19,Min/max,2025-01-17,S. Nkemelu,2019-11-03
TOOL-1067,BRS,95,45,27,Manual buyer judgement,2024-11-07,R. Deakin,2024-07-01
TOOL-1067,DAV,214,112,57,Periodic review,2025-09-25,R. Deakin,2012-03-21
TOOL-1067,LIV,259,143,103,Min/max,2025-06-29,R. Deakin,2019-09-02
TOOL-1067,WAR,175,98,41,Periodic review,2025-12-01,R. Deakin,2014-05-12
TOOL-1071,BRS,109,53,29,Min/max,2025-04-22,A. Whitcombe,2024-07-01
TOOL-1071,DAV,253,135,63,Min/max,2025-03-09,S. Nkemelu,2015-11-12
TOOL-1071,LIV,292,166,111,Periodic review,2025-09-16,R. Deakin,2019-09-02
TOOL-1071,WAR,205,117,45,Periodic review,2025-03-09,R. Deakin,2015-11-12
TOOL-1077,BRS,87,40,26,Min/max,2024-07-21,T. Harrowby,2024-07-01
TOOL-1077,DAV,193,99,54,Min/max,2025-01-10,M. Castleford,2020-11-28
TOOL-1077,LIV,232,124,96,Min/max,2024-12-19,R. Deakin,2020-11-28
TOOL-1077,WAR,154,85,38,Min/max,2025-02-02,T. Harrowby,2020-11-28
TOOL-1087,BRS,18,36,10,Periodic review,2025-12-03,T. Harrowby,2024-07-01
TOOL-1087,DAV,29,51,19,Min/max,2024-11-22,T. Harrowby,2014-07-15
TOOL-1087,LIV,49,61,40,Periodic review,2025-09-02,T. Harrowby,2019-09-02
TOOL-1087,WAR,21,42,13,Min/max,2025-09-17,R. Deakin,2014-07-15
TOOL-1092,BRS,61,36,21,Min/max,2025-02-13,T. Harrowby,2024-07-01
TOOL-1092,DAV,141,69,45,Min/max,2024-10-31,R. Deakin,2014-07-22
TOOL-1092,LIV,172,85,79,Min/max,2025-01-23,T. Harrowby,2019-09-02
TOOL-1092,WAR,113,59,32,Min/max,2024-04-07,S. Nkemelu,2014-07-22
TOOL-1100,DAV,23,36,19,Periodic review,2025-07-16,S. Nkemelu,2012-02-04
TOOL-1110,BRS,18,36,10,Min/max,2025-05-31,S. Nkemelu,2024-07-01
TOOL-1110,DAV,31,64,19,Periodic review,2025-04-24,T. Harrowby,2019-01-10
TOOL-1110,LIV,51,78,40,Periodic review,2023-11-28,M. Castleford,2019-09-02
TOOL-1110,WAR,23,56,13,Min/max,2025-10-10,A. Whitcombe,2019-01-10
TOOL-1115,DAV,23,36,19,Periodic review,2025-12-10,T. Harrowby,2011-04-11
TOOL-1124,DAV,24,36,19,Manual buyer judgement,2025-01-24,A. Whitcombe,2023-06-15
TOOL-1128,BRS,58,196,20,Min/max,2024-01-08,R. Deakin,2024-07-01
TOOL-1128,DAV,136,510,44,Min/max,2023-12-03,R. Deakin,2013-11-05
TOOL-1128,LIV,161,605,76,Min/max,2025-06-28,S. Nkemelu,2019-09-02
TOOL-1128,WAR,104,422,30,Min/max,2025-03-09,S. Nkemelu,2014-05-12
TOOL-1137,BRS,18,36,10,Min/max,2025-06-12,R. Deakin,2024-07-01
TOOL-1137,DAV,29,52,19,Min/max,2024-11-08,S. Nkemelu,2019-08-29
TOOL-1137,LIV,49,62,40,Min/max,2025-06-21,S. Nkemelu,2019-09-02
TOOL-1137,WAR,21,45,13,Periodic review,2024-12-04,S. Nkemelu,2019-08-29
TOOL-1144,BRS,38,36,16,Min/max,2025-01-21,S. Nkemelu,2024-07-01
TOOL-1144,DAV,84,36,33,Manual buyer judgement,2025-03-13,M. Castleford,2012-05-04
TOOL-1144,WAR,64,36,23,Min/max,2025-09-29,M. Castleford,2014-05-12
TOOL-1149,BRS,40,36,16,Min/max,2023-10-30,S. Nkemelu,2024-07-01
TOOL-1149,DAV,93,41,35,Min/max,2023-08-07,T. Harrowby,2018-01-25
TOOL-1149,WAR,68,36,24,Manual buyer judgement,2025-07-08,A. Whitcombe,2018-01-25
TOOL-1155,DAV,74,36,30,Min/max,2023-11-15,S. Nkemelu,2016-02-04
TOOL-1155,WAR,59,36,22,Manual buyer judgement,2025-08-01,T. Harrowby,2016-02-04
TOOL-1163,BRS,18,36,10,Min/max,2024-06-22,T. Harrowby,2024-07-01
TOOL-1163,DAV,28,46,19,Periodic review,2025-04-04,S. Nkemelu,2018-02-08
TOOL-1163,LIV,48,56,40,Min/max,2025-09-18,T. Harrowby,2019-09-02
TOOL-1163,WAR,20,40,13,Manual buyer judgement,2024-11-27,T. Harrowby,2018-02-08
TOOL-1171,DAV,24,36,19,Manual buyer judgement,2025-09-19,S. Nkemelu,2017-10-27
TOOL-1175,BRS,18,36,10,Min/max,2025-10-20,M. Castleford,2024-07-01
TOOL-1175,DAV,28,45,19,Min/max,2023-10-24,A. Whitcombe,2017-05-14
TOOL-1175,WAR,20,36,13,Min/max,2025-09-23,A. Whitcombe,2017-05-14
TOOL-1182,BRS,18,36,10,Min/max,2025-03-22,A. Whitcombe,2024-07-01
TOOL-1182,DAV,26,37,19,Periodic review,2025-09-12,A. Whitcombe,2018-04-03
TOOL-1182,WAR,19,36,13,Min/max,2025-05-04,R. Deakin,2018-04-03
TOOL-1192,DAV,22,36,19,Min/max,2025-11-22,S. Nkemelu,2013-09-05
TOOL-1201,BRS,18,36,10,Periodic review,2025-02-20,T. Harrowby,2024-07-01
TOOL-1201,DAV,25,36,19,Periodic review,2025-02-07,R. Deakin,2012-05-29
TOOL-1201,WAR,18,36,13,Periodic review,2025-03-04,M. Castleford,2014-05-12
TOOL-1205,DAV,54,36,25,Min/max,2024-10-23,T. Harrowby,2011-09-16
TOOL-1214,DAV,24,36,19,Periodic review,2024-10-23,S. Nkemelu,2011-08-09
TOOL-1219,BRS,18,36,10,Min/max,2025-09-14,T. Harrowby,2024-07-01
TOOL-1219,DAV,27,44,19,Min/max,2025-01-16,R. Deakin,2015-01-04
TOOL-1219,LIV,48,52,40,Min/max,2025-10-27,M. Castleford,2019-09-02
TOOL-1219,WAR,20,37,13,Min/max,2025-08-04,S. Nkemelu,2015-01-04
VALV-1002,DAV,9,15,8,Min/max,2025-04-25,S. Nkemelu,2018-09-26
VALV-1007,BRS,9,18,5,Periodic review,2024-05-29,T. Harrowby,2024-07-01
VALV-1007,DAV,14,32,8,Min/max,2025-02-25,R. Deakin,2015-08-28
VALV-1007,LIV,22,32,17,Min/max,2025-08-31,S. Nkemelu,2019-09-02
VALV-1007,WAR,11,25,6,Manual buyer judgement,2025-06-08,S. Nkemelu,2015-08-28
VALV-1014,DAV,24,24,11,Min/max,2023-07-04,T. Harrowby,2011-07-14
VALV-1024,DAV,11,15,8,Min/max,2025-06-19,A. Whitcombe,2016-12-13
VALV-1024,WAR,9,15,6,Min/max,2025-04-22,R. Deakin,2016-12-13
VALV-1030,DAV,11,15,8,Periodic review,2024-02-29,A. Whitcombe,2015-11-18
VALV-1037,DAV,11,15,8,Periodic review,2024-06-15,T. Harrowby,2019-06-05
VALV-1042,DAV,18,17,9,Min/max,2025-01-05,T. Harrowby,2017-09-27
VALV-1052,DAV,11,15,8,Min/max,2025-02-16,T. Harrowby,2016-04-19
VALV-1056,BRS,8,15,5,Min/max,2024-10-22,M. Castleford,2024-07-01
VALV-1056,DAV,14,33,8,Min/max,2025-05-20,S. Nkemelu,2013-07-30
VALV-1056,LIV,23,42,17,Min/max,2024-12-06,S. Nkemelu,2019-09-02
VALV-1056,WAR,11,28,6,Min/max,2025-11-12,M. Castleford,2014-05-12
VALV-1065,BRS,11,15,5,Periodic review,2025-09-04,T. Harrowby,2024-07-01
VALV-1065,DAV,24,24,11,Manual buyer judgement,2024-01-09,T. Harrowby,2015-11-10
VALV-1065,WAR,18,20,8,Min/max,2025-09-23,T. Harrowby,2015-11-10
VALV-1075,DAV,10,15,8,Periodic review,2025-07-27,T. Harrowby,2022-08-13
VALV-1080,DAV,22,22,10,Periodic review,2024-10-22,M. Castleford,2019-12-16
VALV-1084,BRS,16,15,7,Periodic review,2024-10-20,A. Whitcombe,2024-07-01
VALV-1084,DAV,33,37,13,Periodic review,2025-06-19,M. Castleford,2019-12-13
VALV-1084,LIV,44,47,24,Min/max,2025-01-24,M. Castleford,2019-12-13
VALV-1084,WAR,27,32,10,Min/max,2025-04-30,M. Castleford,2019-12-13
VALV-1091,BRS,17,17,7,Periodic review,2025-04-20,S. Nkemelu,2024-07-01
VALV-1091,DAV,37,43,14,Periodic review,2025-04-12,S. Nkemelu,2011-06-29
VALV-1091,LIV,47,53,25,Periodic review,2025-07-04,A. Whitcombe,2019-09-02
VALV-1091,WAR,29,37,10,Min/max,2025-09-12,T. Harrowby,2014-05-12
VALV-1102,BRS,8,15,5,Min/max,2024-12-18,M. Castleford,2024-07-01
VALV-1102,DAV,14,29,8,Min/max,2025-10-18,M. Castleford,2022-09-28
VALV-1102,LIV,23,37,17,Periodic review,2025-09-16,R. Deakin,2022-09-28
VALV-1102,WAR,11,27,6,Periodic review,2024-12-17,A. Whitcombe,2022-09-28
VALV-1110,BRS,11,15,5,Periodic review,2024-05-18,A. Whitcombe,2024-07-01
VALV-1110,DAV,24,23,11,Min/max,2025-02-28,S. Nkemelu,2019-12-06
VALV-1110,WAR,19,20,8,Min/max,2025-01-06,T. Harrowby,2019-12-06
VALV-1113,DAV,13,15,8,Manual buyer judgement,2024-11-11,S. Nkemelu,2016-09-22
VALV-1121,BRS,17,17,7,Min/max,2025-07-21,T. Harrowby,2024-07-01
VALV-1121,DAV,37,42,14,Periodic review,2025-10-27,A. Whitcombe,2017-06-23
VALV-1121,LIV,49,55,26,Periodic review,2025-02-21,M. Castleford,2019-09-02
VALV-1121,WAR,30,38,10,Min/max,2025-06-25,S. Nkemelu,2017-06-23
VALV-1130,DAV,12,19,8,Min/max,2023-12-27,T. Harrowby,2017-03-29
VALV-1137,DAV,20,19,10,Min/max,2024-11-11,M. Castleford,2022-09-21
VALV-1140,DAV,15,15,8,Min/max,2025-10-04,S. Nkemelu,2015-03-22
VALV-1152,BRS,13,15,6,Min/max,2025-01-25,A. Whitcombe,2024-07-01
VALV-1152,DAV,27,27,12,Periodic review,2025-03-30,A. Whitcombe,2017-12-07
VALV-1152,LIV,35,35,20,Min/max,2025-02-08,R. Deakin,2019-09-02
VALV-1152,WAR,21,24,8,Min/max,2024-09-16,M. Castleford,2017-12-07
VALV-1154,DAV,14,15,8,Periodic review,2025-09-04,T. Harrowby,2012-10-11
VALV-1163,DAV,10,15,8,Periodic review,2025-11-21,R. Deakin,2016-11-07
VALV-1172,DAV,11,15,8,Min/max,2025-02-28,M. Castleford,2019-08-06
VALV-1175,DAV,12,15,8,Manual buyer judgement,2024-03-20,T. Harrowby,2011-07-22
VALV-1187,DAV,11,17,8,Min/max,2025-03-06,A. Whitcombe,2023-02-24
VALV-1192,BRS,21,22,8,Min/max,2025-11-11,T. Harrowby,2024-07-01
VALV-1192,DAV,46,55,16,Periodic review,2025-10-03,A. Whitcombe,2011-11-09
VALV-1192,LIV,59,71,29,Periodic review,2025-07-19,A. Whitcombe,2019-09-02
VALV-1192,WAR,37,48,12,Manual buyer judgement,2025-12-03,S. Nkemelu,2014-05-12
VALV-1196,DAV,10,15,8,Min/max,2025-01-13,T. Harrowby,2017-10-15
VALV-1204,BRS,10,15,5,Min/max,2025-11-13,A. Whitcombe,2024-07-01
VALV-1204,DAV,21,21,10,Min/max,2025-11-23,R. Deakin,2014-02-17
VALV-1204,WAR,17,19,7,Periodic review,2025-09-17,A. Whitcombe,2014-05-12
VALV-1215,DAV,12,21,8,Periodic review,2024-11-09,R. Deakin,2021-09-05
VALV-1215,WAR,10,18,6,Min/max,2025-04-20,M. Castleford,2021-09-05
VENT-1002,DAV,8,18,4,Min/max,2024-01-24,T. Harrowby,2023-04-23
VENT-1009,DAV,6,11,4,Periodic review,2025-07-31,S. Nkemelu,2022-11-11
VENT-1019,BRS,7,11,3,Min/max,2025-05-16,S. Nkemelu,2024-07-01
VENT-1019,DAV,16,26,6,Min/max,2025-06-05,R. Deakin,2017-07-20
VENT-1019,LIV,21,33,11,Manual buyer judgement,2025-03-24,S. Nkemelu,2019-09-02
VENT-1019,WAR,14,25,5,Min/max,2024-03-02,T. Harrowby,2017-07-20
VENT-1026,DAV,5,6,4,Min/max,2025-08-22,M. Castleford,2015-09-06
VENT-1028,DAV,5,6,4,Min/max,2025-05-30,M. Castleford,2019-10-15
VENT-1040,DAV,5,6,4,Periodic review,2024-03-12,M. Castleford,2013-02-13
VENT-1043,DAV,9,12,4,Min/max,2025-02-10,R. Deakin,2020-12-29
VENT-1053,DAV,5,6,4,Manual buyer judgement,2025-05-30,S. Nkemelu,2016-10-14
VENT-1060,DAV,6,6,4,Min/max,2024-12-06,R. Deakin,2019-12-14
VENT-1066,DAV,6,8,4,Min/max,2025-06-25,S. Nkemelu,2022-03-27
VENT-1075,DAV,5,6,4,Min/max,2024-12-02,S. Nkemelu,2022-09-29
VENT-1080,DAV,5,6,4,Periodic review,2024-04-03,A. Whitcombe,2015-05-22
VENT-1084,BRS,4,8,2,Periodic review,2023-08-05,T. Harrowby,2024-07-01
VENT-1084,DAV,8,21,4,Min/max,2023-08-05,T. Harrowby,2019-01-31
VENT-1084,LIV,11,26,7,Periodic review,2024-02-14,A. Whitcombe,2019-09-02
VENT-1084,WAR,7,19,3,Manual buyer judgement,2024-12-14,A. Whitcombe,2019-01-31
VENT-1095,BRS,4,8,2,Min/max,2025-05-26,M. Castleford,2024-07-01
VENT-1095,DAV,8,21,4,Min/max,2025-03-23,A. Whitcombe,2019-08-19
VENT-1095,LIV,11,26,7,Min/max,2024-11-22,S. Nkemelu,2019-09-02
VENT-1095,WAR,6,18,3,Periodic review,2025-08-16,M. Castleford,2019-08-19
VENT-1103,DAV,6,8,4,Min/max,2023-10-07,R. Deakin,2012-12-27
VENT-1105,DAV,5,6,4,Min/max,2023-11-21,R. Deakin,2022-01-09
VENT-1115,DAV,5,6,4,Min/max,2025-11-13,R. Deakin,2021-03-02
VENT-1119,BRS,7,10,3,Min/max,2025-11-01,R. Deakin,2024-07-01
VENT-1119,DAV,16,26,6,Min/max,2024-11-18,T. Harrowby,2021-10-28
VENT-1119,LIV,19,32,10,Min/max,2023-11-07,T. Harrowby,2021-10-28
VENT-1119,WAR,12,22,4,Min/max,2024-10-31,A. Whitcombe,2021-10-28
VENT-1129,DAV,8,9,4,Min/max,2025-02-21,R. Deakin,2016-05-19
VENT-1134,DAV,7,8,4,Min/max,2024-04-21,T. Harrowby,2019-12-11
VENT-1141,DAV,6,6,4,Min/max,2024-11-01,M. Castleford,2018-09-18
VENT-1149,DAV,6,11,4,Periodic review,2024-01-21,T. Harrowby,2018-06-22
VENT-1158,DAV,6,6,4,Min/max,2025-03-17,M. Castleford,2019-05-19
VENT-1161,DAV,5,6,4,Periodic review,2025-03-10,R. Deakin,2016-05-17
VENT-1168,DAV,8,9,4,Min/max,2025-05-28,A. Whitcombe,2011-08-23
VENT-1176,DAV,5,6,4,Min/max,2024-07-14,M. Castleford,2014-04-03
VENT-1185,DAV,6,6,4,Periodic review,2025-06-25,S. Nkemelu,2013-08-31
VENT-1192,DAV,5,6,4,Min/max,2025-04-02,R. Deakin,2023-06-20
VENT-1199,DAV,6,9,4,Manual buyer judgement,2023-09-30,A. Whitcombe,2019-01-10
VENT-1205,DAV,6,7,4,Min/max,2025-03-22,A. Whitcombe,2020-12-26
VENT-1214,BRS,4,7,2,Min/max,2025-10-12,S. Nkemelu,2024-07-01
VENT-1214,DAV,8,18,4,Min/max,2025-05-30,R. Deakin,2021-04-05
VENT-1214,WAR,6,16,3,Min/max,2025-08-31,T. Harrowby,2021-04-05
